{
    "foods": [
      {
        "name": "Pizza",
        "category": "Italian",
        "description": "A delicious round flatbread topped with tomato sauce, cheese, and various toppings.",
        "price": "$10.99",
        "rating": 4.7
      },
      {
        "name": "Sushi",
        "category": "Japanese",
        "description": "A Japanese dish consisting of vinegared rice, seafood, and vegetables.",
        "price": "$15.99",
        "rating": 4.8
      },
      {
        "name": "Burger",
        "category": "American",
        "description": "A classic American sandwich made with a ground beef patty, lettuce, tomato, and cheese.",
        "price": "$8.99",
        "rating": 4.5
      },
      {
        "name": "Tacos",
        "category": "Mexican",
        "description": "Soft or hard shells filled with seasoned meat, lettuce, cheese, and salsa.",
        "price": "$6.99",
        "rating": 4.6
      },
      {
        "name": "Sushi",
        "category": "Japanese",
        "description": "A Japanese dish consisting of vinegared rice, seafood, and vegetables.",
        "price": "$15.99",
        "rating": 4.8
      },
      {
        "name": "Curry",
        "category": "Indian",
        "description": "A flavorful dish made with a mix of spices, vegetables, and meat served with rice or bread.",
        "price": "$12.99",
        "rating": 4.6
      },
      {
        "name": "Pho",
        "category": "Vietnamese",
        "description": "A Vietnamese noodle soup with broth, rice noodles, herbs, and meat.",
        "price": "$9.99",
        "rating": 4.7
      },
      {
        "name": "Pasta",
        "category": "Italian",
        "description": "Italian noodles served with a variety of sauces, such as marinara or alfredo.",
        "price": "$11.99",
        "rating": 4.4
      },
      {
        "name": "Sushi",
        "category": "Japanese",
        "description": "A Japanese dish consisting of vinegared rice, seafood, and vegetables.",
        "price": "$15.99",
        "rating": 4.8
      },
      {
        "name": "Steak",
        "category": "American",
        "description": "A thick, juicy cut of beef cooked to your preferred level of doneness.",
        "price": "$20.99",
        "rating": 4.9
      },
      {
        "name": "Tacos",
        "category": "Mexican",
        "description": "Soft or hard shells filled with seasoned meat, lettuce, cheese, and salsa.",
        "price": "$6.99",
        "rating": 4.6
      },
      {
        "name": "Sushi",
        "category": "Japanese",
        "description": "A Japanese dish consisting of vinegared rice, seafood, and vegetables.",
        "price": "$15.99",
        "rating": 4.8
      },
      {
        "name": "Pad Thai",
        "category": "Thai",
        "description": "A popular Thai stir-fried noodle dish with a sweet and savory sauce.",
        "price": "$10.99",
        "rating": 4.5
      },
      {
        "name": "Tacos",
        "category": "Mexican",
        "description": "Soft or hard shells filled with seasoned meat, lettuce, cheese, and salsa.",
        "price": "$6.99",
        "rating": 4.6
      },
      {
        "name": "Sushi",
        "category": "Japanese",
        "description": "A Japanese dish consisting of vinegared rice, seafood, and vegetables.",
        "price": "$15.99",
        "rating": 4.8
      },
      {
        "name": "Biryani",
        "category": "Indian",
        "description": "A flavorful and aromatic Indian rice dish with spices and meat or vegetables.",
        "price": "$13.99",
        "rating": 4.7
      },
      {
        "name": "Sushi",
        "category": "Japanese",
        "description": "A Japanese dish consisting of vinegared rice, seafood, and vegetables.",
        "price": "$15.99",
        "rating": 4.8
      },
      {
        "name": "Tacos",
        "category": "Mexican",
        "description": "Soft or hard shells filled with seasoned meat, lettuce, cheese, and salsa.",
        "price": "$6.99",
        "rating": 4.6
      },
      {
        "name": "Ramen",
        "category": "Japanese",
        "description": "A Japanese noodle soup dish with broth, noodles, and various toppings.",
        "price": "$9.99",
        "rating": 4.5
      },
      {
        "name": "Sushi",
        "category": "Japanese",
        "description": "A Japanese dish consisting of vinegared rice, seafood, and vegetables.",
        "price": "$15.99",
        "rating": 4.8
      },
      {
        "name": "Pancakes",
        "category": "American",
        "description": "Fluffy and delicious pancakes served with maple syrup and butter.",
        "price": "$7.99",
        "rating": 4.4
      },
      {
        "name": "Tacos",
        "category": "Mexican",
        "description": "Soft or hard shells filled with seasoned meat, lettuce, cheese, and salsa.",
        "price": "$6.99",
        "rating": 4.6
      },
      {
        "name": "Sushi",
        "category": "Japanese",
        "description": "A Japanese dish consisting of vinegared rice, seafood, and vegetables.",
        "price": "$15.99",
        "rating": 4.8
      },
      {
        "name": "Lasagna",
        "category": "Italian",
        "description": "A baked Italian pasta dish with layers of pasta, cheese, and meat sauce.",
        "price": "$12.99",
        "rating": 4.7
      },
      {
        "name": "Sushi",
        "category": "Japanese",
        "description": "A Japanese dish consisting of vinegared rice, seafood, and vegetables.",
        "price": "$15.99",
        "rating": 4.8
      },
      {
        "name": "Tacos",
        "category": "Mexican",
        "description": "Soft or hard shells filled with seasoned meat, lettuce, cheese, and salsa.",
        "price": "$6.99",
        "rating": 4.6
      },
      {
        "name": "Gyros",
        "category": "Greek",
        "description": "A Greek dish made of seasoned meat, usually served with pita bread and yogurt sauce.",
        "price": "$10.99",
        "rating": 4.5
      },
      {
        "name": "Sushi",
        "category": "Japanese",
        "description": "A Japanese dish consisting of vinegared rice, seafood, and vegetables.",
        "price": "$15.99",
        "rating": 4.8
      },
      {
        "name": "Poke Bowl",
        "category": "Hawaiian",
        "description": "A Hawaiian dish with raw fish, rice, and various toppings like vegetables and sauces.",
        "price": "$13.99",
        "rating": 4.7
      }
    ]
  }
  